"samples","scales_read","prop_samp","prop_read","resorb","prop_resorb","m_f"
335,234,0.0461305425502616,0.698507462686567,61,0.182089552238806,0.840659340659341
