"mean_term","sd_term","mean_esc","sd_esc","mean_by_ret","sd_by_ret"
14107.6111111111,6489.61982153844,10854.3333333333,5880.59647834949,10387.0739691191,5885.68497430767
